{"stats":{"minecraft:custom":{"minecraft:jump":44,"minecraft:open_chest":1,"minecraft:time_since_rest":5227,"minecraft:leave_game":1,"minecraft:walk_on_water_one_cm":405,"minecraft:sprint_one_cm":15119,"minecraft:play_time":5227,"minecraft:damage_taken":100,"minecraft:time_since_death":5227,"minecraft:walk_one_cm":4828,"minecraft:sneak_time":3,"minecraft:total_world_time":5227,"minecraft:walk_under_water_one_cm":93,"minecraft:swim_one_cm":5418,"minecraft:fall_one_cm":2147,"minecraft:fly_one_cm":11336,"minecraft:open_barrel":2},"minecraft:crafted":{"minecraft:crafting_table":1,"minecraft:oak_planks":8},"minecraft:mined":{"minecraft:grass":3,"minecraft:oak_log":2},"minecraft:picked_up":{"minecraft:oak_log":2}},"DataVersion":3465}