{"stats":{"minecraft:custom":{"minecraft:jump":62,"minecraft:time_since_rest":7878,"minecraft:damage_dealt":10,"minecraft:crouch_one_cm":83,"minecraft:leave_game":1,"minecraft:sprint_one_cm":8565,"minecraft:play_time":7878,"minecraft:damage_taken":10,"minecraft:time_since_death":7878,"minecraft:walk_one_cm":5959,"minecraft:sneak_time":15,"minecraft:total_world_time":7878,"minecraft:fall_one_cm":2427,"minecraft:fly_one_cm":15452},"minecraft:picked_up":{"minecraft:salmon":1,"minecraft:moss_block":1,"minecraft:cod":2,"minecraft:dirt":2},"minecraft:used":{"creeperoverhaul:ocean_creeper_spawn_egg":1,"minecraft:moss_block":1,"minecraft:dirt":2},"minecraft:mined":{"minecraft:grass_block":2,"minecraft:moss_block":1}},"DataVersion":3465}