{"stats":{"minecraft:custom":{"minecraft:open_barrel":2,"minecraft:open_chest":3,"minecraft:time_since_rest":7900,"minecraft:damage_taken":330,"minecraft:leave_game":2,"minecraft:sprint_one_cm":20349,"minecraft:time_since_death":7900,"minecraft:play_time":7900,"minecraft:walk_on_water_one_cm":405,"minecraft:walk_one_cm":7595,"minecraft:sneak_time":23,"minecraft:total_world_time":7900,"minecraft:walk_under_water_one_cm":93,"minecraft:swim_one_cm":5418,"minecraft:fall_one_cm":2147,"minecraft:fly_one_cm":37149,"minecraft:damage_dealt":10,"twilightforest:life_charms_activated":1,"minecraft:jump":64},"minecraft:crafted":{"minecraft:crafting_table":1,"minecraft:oak_planks":8},"minecraft:mined":{"minecraft:grass":5,"minecraft:oak_log":2},"minecraft:picked_up":{"minecraft:oak_log":2}},"DataVersion":3465}