{"stats":{"minecraft:used":{"creeperoverhaul:ocean_creeper_spawn_egg":1,"minecraft:moss_block":1,"minecraft:dirt":2,"create_sa:brass_drone_item":3,"create_sa:rose_quartz_sword":8},"minecraft:killed":{"minecraft:skeleton":2,"minecraft:zombie":2,"minecraft:creeper":1},"minecraft:custom":{"minecraft:time_since_rest":31835,"minecraft:crouch_one_cm":83,"minecraft:play_time":31835,"minecraft:sprint_one_cm":34586,"minecraft:damage_taken":10,"minecraft:walk_one_cm":23570,"minecraft:sneak_time":29,"minecraft:mob_kills":5,"minecraft:jump":191,"minecraft:damage_dealt":858,"minecraft:leave_game":2,"minecraft:time_since_death":31835,"minecraft:total_world_time":31835,"minecraft:fall_one_cm":2427,"minecraft:fly_one_cm":55151},"minecraft:picked_up":{"minecraft:arrow":1,"minecraft:rotten_flesh":2,"minecraft:salmon":1,"create_sa:brass_drill_head":2,"create_sa:brass_drone_item":2,"create_sa:vault_component":1,"minecraft:gunpowder":2,"minecraft:moss_block":1,"minecraft:cod":2,"minecraft:dirt":2},"minecraft:mined":{"minecraft:grass_block":2,"minecraft:moss_block":1}},"DataVersion":3465}