{"stats":{"minecraft:used":{"minecraft:moss_block":1,"creeperoverhaul:ocean_creeper_spawn_egg":1,"minecraft:dirt":2},"minecraft:custom":{"minecraft:jump":144,"minecraft:time_since_rest":19835,"minecraft:leave_game":2,"minecraft:damage_dealt":278,"minecraft:crouch_one_cm":83,"minecraft:sprint_one_cm":18626,"minecraft:play_time":19835,"minecraft:damage_taken":10,"minecraft:time_since_death":19835,"minecraft:walk_one_cm":14501,"minecraft:sneak_time":29,"minecraft:total_world_time":19835,"minecraft:fall_one_cm":2427,"minecraft:fly_one_cm":43945},"minecraft:picked_up":{"minecraft:salmon":1,"minecraft:moss_block":1,"minecraft:cod":2,"minecraft:dirt":2},"minecraft:mined":{"minecraft:grass_block":2,"minecraft:moss_block":1}},"DataVersion":3465}