{"stats":{"minecraft:custom":{"minecraft:jump":72,"minecraft:open_chest":3,"minecraft:time_since_rest":9824,"minecraft:damage_taken":330,"twilightforest:life_charms_activated":1,"minecraft:damage_dealt":10,"minecraft:leave_game":3,"minecraft:sprint_one_cm":24828,"minecraft:time_since_death":9824,"minecraft:play_time":9824,"minecraft:walk_on_water_one_cm":405,"minecraft:walk_one_cm":9763,"minecraft:sneak_time":42,"minecraft:total_world_time":9824,"minecraft:walk_under_water_one_cm":93,"minecraft:swim_one_cm":5418,"minecraft:fall_one_cm":2147,"minecraft:fly_one_cm":57619,"minecraft:open_barrel":2},"minecraft:crafted":{"minecraft:oak_planks":8,"minecraft:crafting_table":1},"minecraft:mined":{"minecraft:grass":5,"minecraft:oak_log":2},"minecraft:picked_up":{"minecraft:oak_log":2}},"DataVersion":3465}